﻿<?xml version="1.0" encoding="utf-8"?>
<Envelope>
  <subject>Reference rates</subject>
  <Sender>
    <name>European Central Bank</name>
  </Sender>
  <Cube>
    <Cube>
      <Cube currency="USD" rate="1.3547"></Cube>
      <Cube currency="EUR" rate="1" />
      <Cube currency="JPY" rate="138.19"></Cube>
      <Cube currency="BGN" rate="1.9558"></Cube>
      <Cube currency="CZK" rate="27.445"></Cube>
      <Cube currency="DKK" rate="7.4615"></Cube>
      <Cube currency="GBP" rate="0.80700"></Cube>
      <Cube currency="HUF" rate="305.62"></Cube>
      <Cube currency="LTL" rate="3.4528"></Cube>
      <Cube currency="PLN" rate="4.1138"></Cube>
      <Cube currency="RON" rate="4.3958"></Cube>
      <Cube currency="SEK" rate="9.0467"></Cube>
      <Cube currency="CHF" rate="1.2179"></Cube>
      <Cube currency="NOK" rate="8.1085"></Cube>
      <Cube currency="HRK" rate="7.5810"></Cube>
      <Cube currency="RUB" rate="46.5863"></Cube>
      <Cube currency="TRY" rate="2.8460"></Cube>
      <Cube currency="AUD" rate="1.4419"></Cube>
      <Cube currency="BRL" rate="3.0194"></Cube>
      <Cube currency="CAD" rate="1.4749"></Cube>
      <Cube currency="CNY" rate="8.4376"></Cube>
      <Cube currency="HKD" rate="10.5012"></Cube>
      <Cube currency="IDR" rate="16000.89"></Cube>
      <Cube currency="ILS" rate="4.6894"></Cube>
      <Cube currency="INR" rate="80.3554"></Cube>
      <Cube currency="KRW" rate="1377.96"></Cube>
      <Cube currency="MXN" rate="17.6653"></Cube>
      <Cube currency="MYR" rate="4.3540"></Cube>
      <Cube currency="NZD" rate="1.5831"></Cube>
      <Cube currency="PHP" rate="59.363"></Cube>
      <Cube currency="SGD" rate="1.6936"></Cube>
      <Cube currency="THB" rate="44.041"></Cube>
      <Cube currency="ZAR" rate="14.5603"></Cube>
    </Cube>
  </Cube>
</Envelope>